game_id,date
1,"Feb 12, 2021        "
2,"Dec 22, 2020        "
3,"Dec 4, 2020         "
4,"Dec 4, 2020         "
5,"Nov 20, 2020        "
6,"Nov 6, 2020         "
7,"Nov 6, 2020         "
8,"Oct 30, 2020        "
9,"Oct 28, 2020        "
10,"Oct 23, 2020        "
11,"Oct 22, 2020        "
12,"Oct 16, 2020        "
13,"Oct 13, 2020        "
14,"Oct 4, 2020         "
15,"Oct 1, 2020         "
16,"Sep 23, 2020        "
17,"Sep 23, 2020        "
18,"Sep 18, 2020        "
19,"Aug 26, 2020        "
20,"Jul 20, 2020        "
21,"Jul 17, 2020        "
22,"Jun 29, 2020        "
23,"Jun 23, 2020        "
24,"Jun 17, 2020        "
25,"Jun 15, 2020        "
26,"Jun 5, 2020         "
27,"May 29, 2020        "
28,"May 1, 2020         "
29,"Mar 26, 2020        "
30,"Mar 26, 2020        "
31,"Mar 20, 2020        "
32,"Mar 6, 2020         "
33,"Mar 4, 2020         "
34,"Feb 13, 2020        "
35,"Feb 11, 2020        "
36,"Feb 11, 2020        "
37,"Jan 28, 2020        "
38,"Jan 17, 2020        "
39,"Jan 3, 2020         "
40,"Dec 27, 2019        "
41,"Dec 23, 2019        "
42,"Nov 15, 2019        "
43,"Nov 15, 2019        "
44,"Nov 15, 2019        "
45,"Nov 8, 2019         "
46,"Nov 8, 2019         "
47,"Nov 6, 2019         "
48,"Oct 31, 2019        "
49,"Oct 18, 2019        "
50,"Oct 16, 2019        "
51,"Sep 30, 2019        "
52,"Sep 27, 2019        "
53,"Sep 25, 2019        "
54,"Sep 20, 2019        "
55,"Sep 13, 2019        "
56,"Sep 4, 2019         "
57,"Sep 4, 2019         "
58,"Aug 30, 2019        "
59,"Aug 30, 2019        "
60,"Jul 30, 2019        "
61,"Jul 26, 2019        "
62,"Jul 19, 2019        "
63,"Jul 10, 2019        "
64,"Jun 28, 2019        "
65,"Jun 28, 2019        "
66,"Jun 13, 2019        "
67,"May 12, 2019        "
68,"May 10, 2019        "
69,"Apr 26, 2019        "
70,"Apr 17, 2019        "
71,"Mar 28, 2019        "
72,"Mar 14, 2019        "
73,"Mar 8, 2019         "
74,"Feb 22, 2019        "
75,"Feb 13, 2019        "
76,"Feb 13, 2019        "
77,"Feb 8, 2019         "
78,"Jan 29, 2019        "
79,"Jan 18, 2019        "
80,"Jan 11, 2019        "
81,"Jan 11, 2019        "
82,"Jan 4, 2019         "
83,"Dec 7, 2018         "
84,"Nov 16, 2018        "
85,"Nov 16, 2018        "
86,"Nov 9, 2018         "
87,"Oct 12, 2018        "
88,"Oct 12, 2018        "
89,"Oct 5, 2018         "
90,"Sep 27, 2018        "
91,"Sep 27, 2018        "
92,"Sep 21, 2018        "
93,"Sep 14, 2018        "
94,"Sep 14, 2018        "
95,"Sep 7, 2018         "
96,"Sep 7, 2018         "
97,"Aug 3, 2018         "
98,"Jul 27, 2018        "
99,"Jul 26, 2018        "
100,"Jul 13, 2018        "
101,"Jul 13, 2018        "
102,"Jul 12, 2018        "
103,"Jun 22, 2018        "
104,"Jun 14, 2018        "
105,"Jun 13, 2018        "
106,"Jun 13, 2018        "
107,"Jun 8, 2018         "
108,"Jun 8, 2018         "
109,"May 30, 2018        "
110,"May 29, 2018        "
111,"May 25, 2018        "
112,"May 24, 2018        "
113,"May 18, 2018        "
114,"May 4, 2018         "
115,"Apr 20, 2018        "
116,"Apr 20, 2018        "
117,"Mar 30, 2018        "
118,"Mar 30, 2018        "
119,"Mar 29, 2018        "
120,"Mar 23, 2018        "
121,"Mar 16, 2018        "
122,"Mar 4, 2018         "
123,"Feb 16, 2018        "
124,"Feb 16, 2018        "
125,"Feb 16, 2018        "
126,"Feb 14, 2018        "
127,"Feb 14, 2018        "
128,"Feb 9, 2018         "
129,"Jan 31, 2018        "
130,"Jan 30, 2018        "
131,"Jan 19, 2018        "
132,"Dec 25, 2017        "
133,"Dec 22, 2017        "
134,"Dec 21, 2017        "
135,"Dec 21, 2017        "
136,"Dec 7, 2017         "
137,"Dec 7, 2017         "
138,"Dec 1, 2017         "
139,"Nov 21, 2017        "
140,"Nov 17, 2017        "
141,"Nov 17, 2017        "
142,"Nov 17, 2017        "
143,"Nov 14, 2017        "
144,"Nov 10, 2017        "
145,"Nov 10, 2017        "
146,"Oct 27, 2017        "
147,"Oct 20, 2017        "
148,"Oct 20, 2017        "
149,"Oct 6, 2017         "
150,"Oct 6, 2017         "
151,"Sep 29, 2017        "
152,"Sep 28, 2017        "
153,"Sep 28, 2017        "
154,"Sep 27, 2017        "
155,"Sep 22, 2017        "
156,"Sep 22, 2017        "
157,"Sep 15, 2017        "
158,"Sep 13, 2017        "
159,"Sep 8, 2017         "
160,"Aug 8, 2017         "
161,"Jul 28, 2017        "
162,"Jul 28, 2017        "
163,"Jul 21, 2017        "
164,"Jul 20, 2017        "
165,"Jul 13, 2017        "
166,"Jul 12, 2017        "
167,"Jul 6, 2017         "
168,"Jul 6, 2017         "
169,"Jun 30, 2017        "
170,"Jun 30, 2017        "
171,"Jun 23, 2017        "
172,"Jun 22, 2017        "
173,"Jun 22, 2017        "
174,"Jun 22, 2017        "
175,"Jun 16, 2017        "
176,"Jun 1, 2017         "
177,"Jun 1, 2017         "
178,"Jun 1, 2017         "
179,"Jun 1, 2017         "
180,"Jun 1, 2017         "
181,"May 26, 2017        "
182,"May 25, 2017        "
183,"May 25, 2017        "
184,"May 25, 2017        "
185,"May 25, 2017        "
186,"May 25, 2017        "
187,"May 19, 2017        "
188,"May 19, 2017        "
189,"May 19, 2017        "
190,"May 19, 2017        "
191,"May 19, 2017        "
192,"Apr 28, 2017        "
193,"Apr 12, 2017        "
194,"Apr 12, 2017        "
195,"Mar 24, 2017        "
196,"Mar 24, 2017        "
197,"Mar 3, 2017         "
198,"Mar 3, 2017         "
199,"Mar 3, 2017         "
200,"Mar 3, 2017         "
201,"Feb 16, 2017        "
202,"Feb 3, 2017         "
203,"Feb 2, 2017         "
204,"Jan 20, 2017        "
205,"Dec 15, 2016        "
206,"Dec 15, 2016        "
207,"Dec 5, 2016         "
208,"Dec 2, 2016         "
209,"Nov 18, 2016        "
210,"Nov 18, 2016        "
211,"Nov 18, 2016        "
212,"Nov 17, 2016        "
213,"Nov 4, 2016         "
214,"Oct 31, 2016        "
215,"Oct 18, 2016        "
216,"Oct 14, 2016        "
217,"Oct 7, 2016         "
218,"Sep 30, 2016        "
219,"Sep 30, 2016        "
220,"Sep 16, 2016        "
221,"Sep 1, 2016         "
222,"Sep 1, 2016         "
223,"Aug 19, 2016        "
224,"Aug 19, 2016        "
225,"Jul 21, 2016        "
226,"Jul 6, 2016         "
227,"Jul 1, 2016         "
228,"Jun 30, 2016        "
229,"Jun 30, 2016        "
230,"Jun 24, 2016        "
231,"Jun 24, 2016        "
232,"Jun 24, 2016        "
233,"Jun 24, 2016        "
234,"Jun 24, 2016        "
235,"Jun 24, 2016        "
236,"Jun 15, 2016        "
237,"Jun 10, 2016        "
238,"Jun 10, 2016        "
239,"May 19, 2016        "
240,"May 13, 2016        "
241,"May 5, 2016         "
242,"Apr 22, 2016        "
243,"Apr 22, 2016        "
244,"Apr 22, 2016        "
245,"Apr 15, 2016        "
246,"Mar 31, 2016        "
247,"Mar 30, 2016        "
248,"Mar 25, 2016        "
249,"Mar 25, 2016        "
250,"Mar 25, 2016        "
251,"Mar 18, 2016        "
252,"Mar 18, 2016        "
253,"Mar 10, 2016        "
254,"Mar 4, 2016         "
255,"Feb 19, 2016        "
256,"Feb 19, 2016        "
257,"Feb 19, 2016        "
258,"Jan 22, 2016        "
259,"Dec 4, 2015         "
260,"Dec 3, 2015         "
261,"Nov 20, 2015        "
262,"Nov 20, 2015        "
263,"Nov 13, 2015        "
264,"Nov 10, 2015        "
265,"Nov 6, 2015         "
266,"Oct 23, 2015        "
267,"Oct 22, 2015        "
268,"Oct 16, 2015        "
269,"Oct 9, 2015         "
270,"Sep 25, 2015        "
271,"Sep 11, 2015        "
272,"Aug 31, 2015        "
273,"Aug 28, 2015        "
274,"Aug 21, 2015        "
275,"Jun 25, 2015        "
276,"Jun 14, 2015        "
277,"Jun 14, 2015        "
278,"Jun 11, 2015        "
279,"May 29, 2015        "
280,"May 22, 2015        "
281,"May 14, 2015        "
282,"Apr 30, 2015        "
283,"Apr 28, 2015        "
284,"Apr 28, 2015        "
285,"Apr 23, 2015        "
286,"Apr 10, 2015        "
287,"Apr 8, 2015         "
288,"Apr 2, 2015         "
289,"Mar 20, 2015        "
290,"Mar 20, 2015        "
291,"Mar 13, 2015        "
292,"Mar 12, 2015        "
293,"Mar 5, 2015         "
294,"Mar 5, 2015         "
295,"Feb 20, 2015        "
296,"Feb 18, 2015        "
297,"Feb 13, 2015        "
298,"Feb 10, 2015        "
299,"Feb 5, 2015         "
300,"Dec 5, 2014         "
301,"Dec 5, 2014         "
302,"Nov 26, 2014        "
303,"Nov 21, 2014        "
304,"Nov 21, 2014        "
305,"Nov 21, 2014        "
306,"Nov 21, 2014        "
307,"Nov 13, 2014        "
308,"Nov 7, 2014         "
309,"Oct 24, 2014        "
310,"Oct 24, 2014        "
311,"Oct 24, 2014        "
312,"Oct 24, 2014        "
313,"Oct 16, 2014        "
314,"Oct 3, 2014         "
315,"Sep 26, 2014        "
316,"Sep 20, 2014        "
317,"Aug 29, 2014        "
318,"Aug 29, 2014        "
319,"Aug 29, 2014        "
320,"Aug 7, 2014         "
321,"Jun 19, 2014        "
322,"Jun 13, 2014        "
323,"Jun 13, 2014        "
324,"Jun 6, 2014         "
325,"May 30, 2014        "
326,"May 18, 2014        "
327,"May 2, 2014         "
328,"May 2, 2014         "
329,"Apr 25, 2014        "
330,"Apr 17, 2014        "
331,"Apr 11, 2014        "
332,"Apr 3, 2014         "
333,"Mar 20, 2014        "
334,"Mar 14, 2014        "
335,"Feb 28, 2014        "
336,"Feb 21, 2014        "
337,"Feb 14, 2014        "
338,"Feb 13, 2014        "
339,"Feb 7, 2014         "
340,"Feb 5, 2014         "
341,"Feb 5, 2014         "
342,"Jan 9, 2014         "
343,"Dec 31, 2013        "
344,"Dec 18, 2013        "
345,"Dec 2, 2013         "
346,"Nov 22, 2013        "
347,"Nov 22, 2013        "
348,"Nov 22, 2013        "
349,"Nov 15, 2013        "
350,"Nov 7, 2013         "
351,"Nov 1, 2013         "
352,"Nov 1, 2013         "
353,"Oct 25, 2013        "
354,"Oct 12, 2013        "
355,"Oct 12, 2013        "
356,"Sep 27, 2013        "
357,"Sep 27, 2013        "
358,"Sep 20, 2013        "
359,"Sep 15, 2013        "
360,"Aug 29, 2013        "
361,"Aug 11, 2013        "
362,"Aug 9, 2013         "
363,"Aug 7, 2013         "
364,"Aug 4, 2013         "
365,"Jun 23, 2013        "
366,"Jun 20, 2013        "
367,"Jun 9, 2013         "
368,"May 24, 2013        "
369,"May 23, 2013        "
370,"May 23, 2013        "
371,"May 16, 2013        "
372,"May 9, 2013         "
373,"May 9, 2013         "
374,"May 9, 2013         "
375,"May 2, 2013         "
376,"Apr 26, 2013        "
377,"Apr 25, 2013        "
378,"Apr 25, 2013        "
379,"Apr 25, 2013        "
380,"Apr 21, 2013        "
381,"Apr 18, 2013        "
382,"Apr 11, 2013        "
383,"Apr 11, 2013        "
384,"Apr 11, 2013        "
385,"Apr 11, 2013        "
386,"Apr 4, 2013         "
387,"Mar 28, 2013        "
388,"Mar 28, 2013        "
389,"Mar 28, 2013        "
390,"Mar 28, 2013        "
391,"Mar 24, 2013        "
392,"Mar 24, 2013        "
393,"Mar 21, 2013        "
394,"Mar 18, 2013        "
395,"Mar 14, 2013        "
396,"Mar 14, 2013        "
397,"Mar 13, 2013        "
398,"Mar 7, 2013         "
399,"Mar 7, 2013         "
400,"Mar 7, 2013         "
401,"Feb 28, 2013        "
402,"Feb 28, 2013        "
403,"Feb 21, 2013        "
404,"Feb 14, 2013        "
405,"Feb 14, 2013        "
406,"Feb 14, 2013        "
407,"Feb 14, 2013        "
408,"Feb 10, 2013        "
409,"Feb 7, 2013         "
410,"Feb 4, 2013         "
411,"Jan 31, 2013        "
412,"Jan 17, 2013        "
413,TBA                 
414,"Dec 27, 2012        "
415,"Dec 20, 2012        "
416,"Dec 20, 2012        "
417,"Dec 5, 2012         "
418,"Dec 5, 2012         "
419,"Nov 27, 2012        "
420,"Nov 22, 2012        "
421,"Nov 18, 2012        "
422,"Nov 18, 2012        "
423,"Nov 18, 2012        "
424,"Nov 18, 2012        "
425,"Nov 11, 2012        "
426,"Nov 8, 2012         "
427,"Nov 5, 2012         "
428,"Oct 28, 2012        "
429,"Oct 25, 2012        "
430,"Oct 25, 2012        "
431,"Oct 22, 2012        "
432,"Oct 18, 2012        "
433,"Oct 15, 2012        "
434,"Oct 7, 2012         "
435,"Oct 7, 2012         "
436,"Oct 7, 2012         "
437,"Oct 4, 2012         "
438,"Oct 4, 2012         "
439,"Oct 4, 2012         "
440,"Oct 1, 2012         "
441,"Oct 1, 2012         "
442,"Oct 1, 2012         "
443,"Sep 28, 2012        "
444,"Sep 16, 2012        "
445,"Aug 19, 2012        "
446,"Jun 29, 2012        "
447,"Jun 18, 2012        "
448,"Jun 10, 2012        "
449,"May 20, 2012        "
450,"Apr 13, 2012        "
451,"Apr 12, 2012        "
452,"Apr 6, 2012         "
453,"Mar 23, 2012        "
454,"Mar 23, 2012        "
455,"Mar 16, 2012        "
456,"Mar 16, 2012        "
457,"Mar 11, 2012        "
458,"Feb 27, 2012        "
459,"Feb 22, 2012        "
460,"Feb 13, 2012        "
461,"Feb 10, 2012        "
462,"Feb 2, 2012         "
463,TBA                 
464,TBA 2011            
465,TBA 2011            
466,TBA                 
467,"Dec 22, 2011        "
468,"Dec 8, 2011         "
469,"Dec 5, 2011         "
470,"Dec 4, 2011         "
471,"Nov 20, 2011        "
472,"Nov 17, 2011        "
473,"Nov 14, 2011        "
474,"Nov 13, 2011        "
475,"Nov 10, 2011        "
476,"Oct 24, 2011        "
477,"Oct 24, 2011        "
478,"Oct 18, 2011        "
479,"Oct 2, 2011         "
480,"Sep 28, 2011        "
481,"Sep 22, 2011        "
482,"Sep 19, 2011        "
483,"Sep 19, 2011        "
484,"Sep 9, 2011         "
485,"Aug 26, 2011        "
486,"Aug 18, 2011        "
487,"Jul 21, 2011        "
488,"Jul 21, 2011        "
489,"Jun 29, 2011        "
490,"Jun 19, 2011        "
491,"Jun 13, 2011        "
492,"Jun 6, 2011         "
493,"Jun 6, 2011         "
494,"Mar 27, 2011        "
495,"Mar 27, 2011        "
496,"Mar 27, 2011        "
497,"Mar 27, 2011        "
498,"Mar 27, 2011        "
499,"Mar 27, 2011        "
500,"Mar 27, 2011        "
501,"Mar 27, 2011        "
502,"Mar 27, 2011        "
503,"Mar 27, 2011        "
504,"Mar 27, 2011        "
505,"Mar 6, 2011         "
506,"Mar 6, 2011         "
507,"Feb 14, 2011        "
508,"Feb 7, 2011         "
509,TBA                 
510,TBA                 
511,TBA 2010            
512,"Dec 20, 2010        "
513,"Dec 12, 2010        "
514,"Dec 6, 2010         "
515,"Nov 29, 2010        "
516,"Nov 22, 2010        "
517,"Nov 21, 2010        "
518,"Nov 14, 2010        "
519,"Nov 7, 2010         "
520,"Nov 2, 2010         "
521,"Oct 26, 2010        "
522,"Oct 18, 2010        "
523,"Oct 18, 2010        "
524,"Oct 17, 2010        "
525,"Oct 4, 2010         "
526,"Oct 3, 2010         "
527,"Sep 28, 2010        "
528,"Sep 20, 2010        "
529,"Sep 12, 2010        "
530,"Aug 31, 2010        "
531,"Jul 26, 2010        "
532,"Jul 19, 2010        "
533,"Jul 11, 2010        "
534,"Jun 28, 2010        "
535,"Jun 27, 2010        "
536,"Jun 21, 2010        "
537,"Jun 21, 2010        "
538,"Jun 14, 2010        "
539,"Jun 14, 2010        "
540,"Jun 7, 2010         "
541,"May 31, 2010        "
542,"May 25, 2010        "
543,"May 24, 2010        "
544,"May 24, 2010        "
545,"May 23, 2010        "
546,"May 17, 2010        "
547,"May 17, 2010        "
548,"May 10, 2010        "
549,"May 3, 2010         "
550,"Apr 19, 2010        "
551,"Apr 19, 2010        "
552,"Apr 19, 2010        "
553,"Apr 5, 2010         "
554,"Apr 5, 2010         "
555,"Apr 5, 2010         "
556,"Mar 31, 2010        "
557,"Mar 31, 2010        "
558,"Mar 29, 2010        "
559,"Mar 29, 2010        "
560,"Mar 29, 2010        "
561,"Mar 28, 2010        "
562,"Mar 28, 2010        "
563,"Mar 28, 2010        "
564,"Mar 22, 2010        "
565,"Mar 22, 2010        "
566,"Mar 22, 2010        "
567,"Mar 14, 2010        "
568,"Mar 14, 2010        "
569,"Feb 22, 2010        "
570,"Feb 22, 2010        "
571,"Feb 15, 2010        "
572,"Feb 8, 2010         "
573,"Feb 1, 2010         "
574,"Jan 25, 2010        "
575,"Jan 18, 2010        "
576,"Jan 18, 2010        "
577,"Jan 11, 2010        "
578,"Jan 11, 2010        "
579,"Jan 4, 2010         "
580,"Dec 28, 2009        "
581,"Dec 28, 2009        "
582,"Dec 21, 2009        "
583,"Dec 21, 2009        "
584,"Dec 14, 2009        "
585,"Dec 7, 2009         "
586,"Nov 30, 2009        "
587,"Nov 23, 2009        "
588,"Nov 23, 2009        "
589,"Nov 23, 2009        "
590,"Nov 23, 2009        "
591,"Nov 23, 2009        "
592,"Nov 23, 2009        "
593,"Nov 16, 2009        "
594,"Nov 16, 2009        "
595,"Nov 15, 2009        "
596,"Nov 9, 2009         "
597,"Nov 9, 2009         "
598,"Nov 9, 2009         "
599,"Nov 9, 2009         "
600,"Nov 9, 2009         "
601,"Nov 9, 2009         "
602,"Nov 2, 2009         "
603,"Nov 2, 2009         "
604,"Oct 27, 2009        "
605,"Oct 26, 2009        "
606,"Oct 19, 2009        "
607,"Oct 19, 2009        "
608,"Oct 19, 2009        "
609,"Oct 19, 2009        "
610,"Oct 19, 2009        "
611,"Oct 12, 2009        "
612,"Oct 12, 2009        "
613,"Oct 4, 2009         "
614,"Sep 28, 2009        "
615,"Sep 21, 2009        "
616,"Sep 21, 2009        "
617,"Sep 14, 2009        "
618,"Sep 14, 2009        "
619,"Sep 7, 2009         "
620,"Aug 31, 2009        "
621,"Aug 24, 2009        "
622,"Aug 24, 2009        "
623,"Aug 17, 2009        "
624,"Aug 17, 2009        "
625,"Aug 12, 2009        "
626,"Aug 10, 2009        "
627,"Aug 10, 2009        "
628,"Aug 10, 2009        "
629,"Aug 3, 2009         "
630,"Jul 26, 2009        "
631,"Jul 20, 2009        "
632,"Jul 6, 2009         "
633,"Jul 6, 2009         "
634,"Jun 22, 2009        "
635,"Jun 15, 2009        "
636,"Jun 15, 2009        "
637,"Jun 8, 2009         "
638,"Jun 7, 2009         "
639,"May 26, 2009        "
640,"May 25, 2009        "
641,"May 18, 2009        "
642,"May 18, 2009        "
643,"May 18, 2009        "
644,"May 4, 2009         "
645,"May 4, 2009         "
646,"May 4, 2009         "
647,"Apr 27, 2009        "
648,"Apr 27, 2009        "
649,"Apr 20, 2009        "
650,"Apr 20, 2009        "
651,"Apr 20, 2009        "
652,"Apr 13, 2009        "
653,"Apr 5, 2009         "
654,"Apr 5, 2009         "
655,"Apr 5, 2009         "
656,"Apr 5, 2009         "
657,"Apr 5, 2009         "
658,"Apr 5, 2009         "
659,"Apr 5, 2009         "
660,"Mar 30, 2009        "
661,"Mar 30, 2009        "
662,"Mar 22, 2009        "
663,"Mar 16, 2009        "
664,"Mar 9, 2009         "
665,"Mar 9, 2009         "
666,"Feb 16, 2009        "
667,"Feb 2, 2009         "
668,"Jan 13, 2009        "
669,"Jan 5, 2009         "
670,"Dec 29, 2008        "
671,"Dec 29, 2008        "
672,"Dec 15, 2008        "
673,"Nov 24, 2008        "
674,"Nov 16, 2008        "
675,"Nov 10, 2008        "
676,"Oct 27, 2008        "
677,"Oct 20, 2008        "
678,"Oct 13, 2008        "
679,"Oct 6, 2008         "
680,"Sep 29, 2008        "
681,"Sep 22, 2008        "
682,"Sep 22, 2008        "
683,"Sep 8, 2008         "
684,"Sep 1, 2008         "
685,"Sep 1, 2008         "
686,"Aug 25, 2008        "
687,"Jul 14, 2008        "
688,"Jun 30, 2008        "
689,"Jun 9, 2008         "
690,"May 26, 2008        "
691,"May 19, 2008        "
692,"May 5, 2008         "
693,"May 5, 2008         "
694,"Apr 27, 2008        "
695,"Apr 20, 2008        "
696,"Apr 20, 2008        "
697,"Apr 7, 2008         "
698,"Mar 31, 2008        "
699,"Mar 9, 2008         "
700,"Feb 25, 2008        "
701,"Feb 10, 2008        "
702,"Jan 28, 2008        "
703,"Jan 22, 2008        "
704,"Jan 21, 2008        "
705,"Jan 21, 2008        "
706,"Jan 21, 2008        "
707,"Jan 7, 2008         "
708,"Dec 24, 2007        "
709,"Dec 10, 2007        "
710,"Nov 26, 2007        "
711,"Nov 26, 2007        "
712,"Nov 19, 2007        "
713,"Nov 19, 2007        "
714,"Nov 19, 2007        "
715,"Nov 12, 2007        "
716,"Nov 12, 2007        "
717,"Nov 6, 2007         "
718,"Nov 5, 2007         "
719,"Nov 5, 2007         "
720,"Oct 29, 2007        "
721,"Oct 15, 2007        "
722,"Oct 8, 2007         "
723,"Oct 1, 2007         "
724,"Oct 1, 2007         "
725,"Oct 1, 2007         "
726,"Sep 24, 2007        "
727,"Sep 24, 2007        "
728,"Sep 17, 2007        "
729,"Sep 10, 2007        "
730,"Sep 10, 2007        "
731,"Sep 3, 2007         "
732,"Aug 27, 2007        "
733,"Aug 20, 2007        "
734,"Aug 20, 2007        "
735,"Aug 13, 2007        "
736,"Aug 13, 2007        "
737,"Aug 6, 2007         "
738,"Jul 30, 2007        "
739,"Jul 30, 2007        "
740,"Jul 23, 2007        "
741,"Jul 16, 2007        "
742,"Jul 16, 2007        "
743,"Jul 9, 2007         "
744,"Jul 9, 2007         "
745,"Jul 2, 2007         "
746,"Jun 25, 2007        "
747,"Jun 25, 2007        "
748,"Jun 18, 2007        "
749,"Jun 18, 2007        "
750,"Jun 11, 2007        "
751,"Jun 4, 2007         "
752,"Jun 4, 2007         "
753,"Jun 4, 2007         "
754,"Jun 4, 2007         "
755,"May 29, 2007        "
756,"May 28, 2007        "
757,"May 21, 2007        "
758,"May 21, 2007        "
759,"May 21, 2007        "
760,"May 14, 2007        "
761,"May 7, 2007         "
762,"May 7, 2007         "
763,"May 7, 2007         "
764,"Apr 30, 2007        "
765,"Apr 22, 2007        "
766,"Apr 22, 2007        "
767,"Apr 16, 2007        "
768,"Apr 11, 2007        "
769,"Apr 9, 2007         "
770,"Apr 2, 2007         "
771,"Apr 2, 2007         "
772,"Mar 26, 2007        "
773,"Mar 19, 2007        "
774,"Mar 19, 2007        "
775,"Mar 5, 2007         "
776,"Mar 5, 2007         "
777,"Feb 26, 2007        "
778,"Feb 26, 2007        "
779,"Feb 19, 2007        "
780,"Feb 14, 2007        "
781,"Feb 12, 2007        "
782,"Feb 12, 2007        "
783,"Feb 12, 2007        "
784,"Feb 12, 2007        "
785,"Feb 5, 2007         "
786,"Feb 5, 2007         "
787,"Feb 5, 2007         "
788,"Jan 29, 2007        "
789,"Jan 22, 2007        "
790,"Jan 22, 2007        "
791,"Jan 15, 2007        "
792,"Jan 1, 2007         "
793,"Jan 1, 2007         "
794,"Dec 25, 2006        "
795,"Dec 18, 2006        "
796,"Dec 11, 2006        "
797,"Dec 11, 2006        "
798,"Dec 11, 2006        "
799,"Dec 8, 2006         "
800,"Dec 4, 2006         "
801,"Dec 4, 2006         "
802,"Nov 19, 2006        "
803,"Nov 19, 2006        "
804,"Nov 19, 2006        "
805,"Nov 19, 2006        "
806,"Nov 19, 2006        "
807,"Nov 19, 2006        "
808,"Nov 19, 2006        "
809,"Nov 19, 2006        "
810,"Nov 19, 2006        "
811,"Nov 19, 2006        "
812,"Nov 19, 2006        "
813,"Nov 19, 2006        "
814,"Nov 19, 2006        "
815,"Nov 19, 2006        "
816,"Nov 13, 2006        "
817,"Nov 6, 2006         "
818,"Nov 6, 2006         "
819,"Nov 1, 2006         "
820,"Oct 30, 2006        "
821,"Oct 23, 2006        "
822,"Oct 16, 2006        "
823,"Oct 9, 2006         "
824,"Sep 25, 2006        "
825,"Sep 25, 2006        "
826,"Sep 18, 2006        "
827,"Sep 18, 2006        "
828,"Sep 11, 2006        "
829,"Aug 28, 2006        "
830,"Aug 21, 2006        "
831,"Jun 26, 2006        "
832,"Jun 5, 2006         "
833,"Jun 5, 2006         "
834,"May 15, 2006        "
835,"Apr 17, 2006        "
836,"Apr 10, 2006        "
837,"Mar 20, 2006        "
838,"Mar 20, 2006        "
839,"Mar 6, 2006         "
840,"Mar 6, 2006         "
841,"Feb 27, 2006        "
842,"Feb 6, 2006         "
843,"Feb 6, 2006         "
844,"Jan 23, 2006        "
845,"Jan 9, 2006         "
846,"Dec 12, 2005        "
847,"Dec 5, 2005         "
848,"Dec 5, 2005         "
849,"Dec 5, 2005         "
850,"Nov 28, 2005        "
851,"Nov 28, 2005        "
852,"Nov 14, 2005        "
853,"Nov 7, 2005         "
854,"Nov 7, 2005         "
855,"Oct 24, 2005        "
856,"Oct 24, 2005        "
857,"Oct 24, 2005        "
858,"Oct 17, 2005        "
859,"Sep 28, 2005        "
860,"Sep 27, 2005        "
861,"Sep 19, 2005        "
862,"Sep 19, 2005        "
863,"Aug 29, 2005        "
864,"Aug 29, 2005        "
865,"Aug 22, 2005        "
866,"Aug 22, 2005        "
867,"Aug 22, 2005        "
868,"Aug 22, 2005        "
869,"Aug 15, 2005        "
870,"Jun 28, 2005        "
871,"Jun 13, 2005        "
872,"Jun 13, 2005        "
873,"May 23, 2005        "
874,"May 23, 2005        "
875,"May 9, 2005         "
876,"Apr 30, 2005        "
877,"Apr 18, 2005        "
878,"Mar 28, 2005        "
879,"Mar 14, 2005        "
880,"Mar 14, 2005        "
881,"Mar 14, 2005        "
882,"Feb 14, 2005        "
883,"Feb 14, 2005        "
884,"Jan 10, 2005        "
885,"Dec 6, 2004         "
886,"Nov 29, 2004        "
887,"Nov 21, 2004        "
888,"Nov 20, 2004        "
889,"Nov 20, 2004        "
890,"Nov 20, 2004        "
891,"Nov 15, 2004        "
892,"Nov 15, 2004        "
893,"Nov 8, 2004         "
894,"Oct 25, 2004        "
895,"Oct 25, 2004        "
896,"Oct 25, 2004        "
897,"Oct 25, 2004        "
898,"Oct 18, 2004        "
899,"Oct 11, 2004        "
900,"Oct 4, 2004         "
901,"Sep 27, 2004        "
902,"Sep 20, 2004        "
903,"Sep 7, 2004         "
904,"Sep 7, 2004         "
905,"Aug 30, 2004        "
906,"Jul 27, 2004        "
907,"Jul 12, 2004        "
908,"Jun 22, 2004        "
909,"Jun 7, 2004         "
910,"Jun 2, 2004         "
911,"Jun 2, 2004         "
912,"Jun 2, 2004         "
913,"Jun 2, 2004         "
914,"Jun 2, 2004         "
915,"Jun 2, 2004         "
916,"May 24, 2004        "
917,"May 10, 2004        "
918,"Apr 6, 2004         "
919,"Mar 22, 2004        "
920,"Feb 9, 2004         "
921,"Feb 9, 2004         "
922,"Dec 2, 2003         "
923,"Dec 1, 2003         "
924,"Dec 1, 2003         "
925,"Dec 1, 2003         "
926,"Nov 17, 2003        "
927,"Nov 17, 2003        "
928,"Nov 17, 2003        "
929,"Nov 10, 2003        "
930,"Nov 3, 2003         "
931,"Oct 28, 2003        "
932,"Oct 21, 2003        "
933,"Oct 13, 2003        "
934,"Sep 8, 2003         "
935,"Aug 26, 2003        "
936,"Aug 26, 2003        "
937,"Jul 29, 2003        "
938,"Jun 24, 2003        "
939,"Jun 24, 2003        "
940,"Jun 9, 2003         "
941,"May 21, 2003        "
942,"Apr 14, 2003        "
943,"Apr 8, 2003         "
944,"Mar 24, 2003        "
945,"Mar 18, 2003        "
946,"Feb 28, 2003        "
947,"Dec 3, 2002         "
948,"Dec 2, 2002         "
949,"Nov 17, 2002        "
950,"Nov 17, 2002        "
951,"Nov 5, 2002         "
952,"Oct 28, 2002        "
953,"Oct 21, 2002        "
954,"Sep 24, 2002        "
955,"Sep 22, 2002        "
956,"Sep 15, 2002        "
957,"Aug 25, 2002        "
958,"Aug 13, 2002        "
959,"Aug 13, 2002        "
960,"Jun 23, 2002        "
961,"Feb 9, 2002         "
962,"Jan 13, 2002        "
963,"Dec 2, 2001         "
964,"Dec 2, 2001         "
965,"Nov 18, 2001        "
966,"Nov 17, 2001        "
967,"Nov 17, 2001        "
968,"Nov 11, 2001        "
969,"Sep 9, 2001         "
970,"Aug 26, 2001        "
971,"Jun 12, 2001        "
972,"Jun 10, 2001        "
973,"May 6, 2001         "
974,"Apr 8, 2001         "
975,"Mar 28, 2001        "
976,"Feb 5, 2001         "
977,"Nov 19, 2000        "
978,"Nov 13, 2000        "
979,"Nov 5, 2000         "
980,"Oct 25, 2000        "
981,"Sep 1, 2000         "
982,"Aug 28, 2000        "
983,"Jun 26, 2000        "
984,"Jun 13, 2000        "
985,"May 22, 2000        "
986,"Apr 30, 2000        "
987,"Feb 14, 2000        "
988,"Jun 30, 1999        "
989,"Jun 30, 1999        "
990,"Apr 26, 1999        "
991,"Feb 8, 1999         "
992,"Nov 23, 1998        "
993,"Sep 30, 1998        "
994,"May 31, 1998        "
995,"Mar 1, 1998         "
996,"Nov 24, 1997        "
997,"Aug 25, 1997        "
998,"Jul 1, 1997         "
999,"Feb 28, 1997        "
1000,"Feb 10, 1997        "
1001,"Nov 1, 1996         "
1002,"Sep 29, 1996        "
1003,"Sep 26, 1996        "
1004,Canceled            
1005,Canceled            
1006,Canceled            
1007,Canceled            
1008,Canceled            
1009,Canceled            
1010,Canceled            
1011,Canceled            
1012,TBA                 
1013,TBA                 
1014,TBA                 
1015,Canceled            
1016,Canceled            
1017,TBA                 
1018,Canceled            
1019,Q4 2015             
1020,TBA                 
1021,TBA                 
1022,TBA                 
1023,TBA                 
1024,TBA                 
1025,TBA                 
1026,TBA                 
